廠商名稱,攤位編號,技術領域
"3D Architech, Inc.",Q6134,
"3EGREEN TECHNOLOGY, INC.",R8121,
3S LINE,T9230,
"3S Silicon Tech., Inc.",M1154,先進封裝
"A SUN PHOTONICS CO., LTD.",K3285,
ABB Ltd,R7906,
"AblePrint Technology Co., Ltd.",N1188,
ACCIO Hong Kong Catalonia Competitiveness Agency Limited,I3123,
Accordance Systems Inc.,P5500,
"Accretech Taiwan Co., Ltd.",M0348,檢測設備
"Accretech Taiwan Co., Ltd.",M0448,檢測設備
Ace Dragon Corp.,P5418,
ACE NANOCHEM,J2654,
"ACE Solution Co., Ltd.",L0609,檢測設備
"Achilles Advanced Technology Co., Ltd.",K2587,
ACM Research Inc.,K2268,
Acro Chemical Corporation,R7721,
ACS Motion Control,I2822,
Adelis Associates Pte Ltd.,N0383,
"Adirtek Co., Ltd.",S7536,
AdNaNoTek Corporation,L1320,
"ADTEC Plasma Technology Co., Ltd.",M0954,
Advanced Dicing Technologies Ltd,N0667,先進封裝
Advanced Echem Materials Company Limited,S7142,
"Advanced Energy Taiwan, Ltd.",J3246,
ADVANCED GLOBAL ALLIANCE PTE LTD,P6125,
"ADVANCED MATERIALS TECHNOLOGY & ENGINEERING, INC.",I2133,
Advanced Packaging Interlink Holding Pte Ltd,N1285,先進封裝
Advanced Thermal Sciences Taiwan Corp.,P5200,
"ADVANTAGE SCIENTIFIC, INC",T9033,
"Advantec Co., Ltd.",M0458,
"Advantech Co., Ltd.",Q5637,
Advantek Taiwan Inc.,L1027,
"AEC Connectors co., Ltd.",T9403,
AEGIQ LTD,I3000,
Aehr Test Systems,S7330,檢測設備
AEM Singapore Pte. Ltd.,K3290,檢測設備
"AENEAS ELECTRONICS CO., LTD.",T9027,
AEROTECH INC. TAIWAN BRANCH,J2252,
AET Corporation,R7212,
"AG MATERIALS TECHNOLOGY CO., LTD.",L0810,
AGC Inc.,P5912,
"AI Technology, Inc.",L0808,
AIR CLEAN DEVISER TAIWAN CORP.,R7010,
"AISHENGKE (JIANGSU) CHEMICAL TECHNOLOGY CO., LTD.",S7145,
"ALASER Company, Ltd.",I2800,
"AL-CHARM ENTERPRISE CO., LTD.",I2600,
"Alinc Taiwan Co., Ltd.",I3100,
AlixLabs,T9404,
"All Ring Tech Co., Ltd.",J2846,
"Alliance Material Co., Ltd.",N1066,
Allied Supreme Corporation,L1116,
"ALMATEC CO., LTD.",T9401,
AlphaSense,H0013,
AMAZING COOL TECHNOLOGY CORPORATION.,L0924,
American Institute in Taiwan,S7330,
American State Offices Association,S7330,
"Ametek Taiwan Corp., Ltd.",R7200,
"AMFLO Fluid System & Components Co., Ltd.",P5123,
"AMIDA Technology,Inc.",K3184,
"AMIES Technology Co., Ltd.",N0052,
"AMIES Technology Co., Ltd.",N0055,
Analog Devices Taiwan Limited,P5504,
Analogue Insight Ltd,I3000,
ANCORP,S7330,
ANDRITZ SINGAPORE PTE LTD,R7705,
Aniah,T9404,
Anupam Rasayan India Limited,T9518,
AP Systems Semiconductor,J3046,
AP Tech (Advanced Pressure Technology),L0530,
"APEX UNION TECHNOLOGIES CO., LTD",S7240,
"APM COMMUNICATION, INC.",R7624,
"Apogee Optocom Co.,Ltd.",R7200,矽光子
"Applied Nano Technology Science, Inc.",L0916,
"Applied Seals Co., Ltd. (Taiwan)",I2226,
Aquafine Corporation,R7821,
"AQUSEN Technology Co., Ltd",L0126,
ARCHIACT TECHNOLOGY CORPORATION,P5519,
"ARCS Precision Technology Co, Ltd.",K2282,
Argal srl,R7523,
Arizona Commerce Authority,S7330,
"ARKTEK CO., LTD.",K2040,
AROX,R8000,
"ARS CO.,LTD.",X0001,
AS Strömungstechnik GmbH,T9112,
ASCENTEX INDUSTRY Corp.,N0862,
Asia Air Precision Technology Ltd.,Q5952,
"Asia Chiying Technology Co.,Ltd",R7400,
"Asia IC Mic-Process, Inc.",K2383,
"Asia Neo Tech Industrial Co.,Ltd.",L1227,
Asiatic Fiber Corporation,R8223,
ASKINDEX TAIWAN TECH CORP.,L0025,
Asmith Manufacturing Company,S7006,檢測設備
ASMPT,L0716,先進封裝
Asterquanta Systems Inc,Q6158,
ASYS CORPORATION,S8152,
ATA Engineering Corporation,L0923,
"Atech Peripherals, Inc.",S8242,
A-Tech Technology Corp.,K2366,
"Atecom Technology Co., Ltd.",J2934,
"Atkinsorb Co., Ltd",I2124,
Atlas Copco Taiwan Ltd.,R7924,
Atlas Technology Corporation,R7418,檢測設備
"ATOCK Co., Ltd.",Q6235,
Atotech Taiwan Ltd,I2130,
ATP ELECTRONICS TAIWAN INC.,R7200,
ATT Systems GmbH,N0483,
"AUROS Technology, Inc.",Q5658,
Avex-SG Technology Inc.,J3038,
AVVA R&D Corp.,N0970,
AWESOMENICS INC.,K3083,
"Awesome-Team Co., Ltd",N0491,
Axelera AI,R8000,
"Bailingtek Co., Ltd.",P5819,
Ball Wave Inc,Q6134,
Bavaria,R7112,
"Bay Union Abrasive Technology Co., Ltd.",R8206,
"Beckhoff Automation Co., Ltd.",Q5544,
"Beijing Airport Beiguang Instruments Co., Ltd",T9058,
BenQ Materials Corporation,M0657,
"Berny CO.,LTD",R8305,
Besi (BE Semiconductor Industries N.V.),M0438,先進封裝
"Best Integration Technology Co., Ltd.",K2167,
"Best Integration Technology Co., Ltd.",K2165,
"Bestac Advanced Material Co., Ltd",J3138,
"Bethel Co.,Ltd.",Q6235,
Bison Advanced Technology,P5118,
BIZLINK INTERNATIONAL CORPORATION,S8236,
"BLIKSEN CO.,LTD.",K2486,
BNSR,R7312,
"Bo-Jiang Technology Co., Ltd.",S8243,
Bondtronics Technology Incorporation,J3134,先進封裝
Bossmen Inc.,P5924,
Braun & Quarld Quartz Glass Lianyungang Ltd.,S7545,
"Brewer Science, Inc.",I2316,
"Bright Sheland International Co., Ltd.",S7136,
"Bronkhorst Taiwan Co., Ltd.",N0289,
"Bruker Taiwan Co., Ltd",N1282,
"BTU International, Inc.",I2516,
"Bueno Technology Co., Ltd.",J2238,
Bühler Leybold Optics,I2804,
Burkert Taiwan Ltd.,P5624,
C Sun Mfg Ltd.,N0662,
"C.C.P. CONTACT PROBES CO., LTD.",S7658,檢測設備
Caelus Technologies Limited,H0021,
California Pavilion,S7330,
Camtek Inspection Technology Limited,M0938,先進封裝、檢測設備
Canadian Trade Office in Taipei,Q6158,
Canon,M0134,
CANTOPS Co. Ltd.,P5724,
"Capcon Limited Co., Ltd",P5107,
"Carbo Tzujan Industrial Co., LTD.",X0002,
"Carl Zeiss Co., Ltd.",L0510,檢測設備
Carpenter Technology,S7952,
CASTEC INTERNATIONAL CORP.,Q5258,
"Casting Machining Engineering Co., Ltd.",Q5644,
CbI Program,T9002,
"CBJ TECH Co., Ltd.",Q5140,
CDS Condition Monitoring Service Co.,P5722,
CEA-LETI,R7324,
CEIPIEMONTE s.c.p.a.,R8000,
Centrum Technology Corporation,S8130,
CENTURY TRADING CORPORATION,S8252,
"CERMAX Co., Ltd",Q6240,
Certain Micro Application Technology Inc.,K3183,
Chain Logic International Corp.,I2624,
CHAIN SUN TECHNOLOGY LTD.,S7746,
Challentech International Corporation,J2146,
"CHANG SUNG ACE CO., LTD.",T9317,
"Changzhou Mingseal Robot Technology Co., Ltd",N1192,
Changzhou Tonghui Electronic Co. Ltd.,S7837,
"CHAO-YOUNG APPLICATION TECHNOLOGY CO., LTD.",I2905,
CHELPIS Quantum Corporation,L1330,量子科技
"CHEMFISH TOKYO CO.,LTD",L1025,
"Cheng Mei Instrument Technology Co., Ltd.",N1076,
"Cheng Tay Heater & Instrument Co., Ltd",K2033,
"Chengdu Catherine Technology Co.,Ltd.",R7606,
"Chia Sheng Technology Co., Ltd.",G0001,
"Chieftek Precision Co., Ltd.",L0326,
Chihuahua State Government,S7436,
CHIN KONG GRAPHIC CORP.,T9220,
"Ching Hung Machinery & Electric Industrial Co., LTD.",Q5630,
"Chip Shine Electronics Technology Co.,Ltd",I2125,
CHIYO ENTERPRISES LIMITED,P5124,
Chroma ATE Inc.,K2576,
"CHT Security Co., Ltd.",Q5336,
"Chuan Hung Technology Co., LTD.",R8319,
Chuan Yao Machinery Co. Ltd,Q5741,
"CHUNG I SILVER SOLDER CO., LTD.",X0025,
"Chung King Enterprise Co.,Ltd",I2726,
"Chunghwa Precision Test Tech. Co., Ltd",K2676,檢測設備
CHUNMA HI-TECH,Q5139,
"CHYI DING Technologies Co., Ltd.",N0583,
CI SEMI,M1139,
"Cica-Huntek Chemical Technology Taiwan Co., Ltd.",P5112,
"CIRCUIT FABOLOGY MICROELECTRONICS EQUIPMENT CO., LTD.",N0050,
CIS Corporation,M1038,
City of Sendai,Q6134,
Clas-SIC Wafer Fab,I3000,第三代半導體
"CLEAN TECHNOLOGY CO., LTD. TAIWAN BRANCH (JAPAN)",R7412,
"CMTX Co., Ltd.",I2400,
"CN1 Co., Ltd",R7312,
CNW – COURIER NETWORK,J2939,
Coherent Corp.,N0562,矽光子
"COHO Advanced Materials Tech. Co., Ltd.",L0011,
"CohPros International Co., Ltd",I2516,
Comet Solutions Taiwan Ltd.,N1270,
"CONPROFE TECHNOLOGY GROUP CO., LTD.",P5524,
"Contrel Technology Co., Ltd.",N0662,
CoolLED Ltd,I3000,
"CORE TECHNOLOGY CO., LTD.",P5400,
"Coresemi Co., Ltd",L0916,
CORNERSTONE,I3000,矽光子
Corning Incorporated,L1030,
Creative Technology Corporation,I2616,
CSA Group Testing & Certification Inc.,Q6158,
"C-TECH Technology Co., Ltd.",S8030,
CXsemi Company Limited,J2553,
"CYCRAFT TECHNOLOGY CO., LTD.",Q5441,
Czech Pavilion,K2860,
"D&X (Taiwan) Co., LTD.",L1104,
"D.C.C.P. CO., LTD.",P5104,
"DA CEI TRADE CO., LTD.",J3434,
"Da-Chung Contact Probes Enterprises Co., Ltd.",K3385,檢測設備
"Dah Young Vacuum Equipment Co., Ltd.",R7127,
Daicel Corporation,Q6052,
DAIHEN Corporation,P5600,
"Daiichinekken Co., Ltd.",Q5242,
"Daikawakenn Technology Co., Ltd",K2460,
Daike-VSR,T9303,
"Dalian High Purity Chemical Co., LTD",L0906,
DALTON CORPORATION,N0033,
Danil Syschem,X0028,
DAS Asia Ltd. Taiwan Branch,J2346,
"Dasan Eng Co., Ltd",M0457,
Daxin Materials Corp.,L1210,
"Dean Tech Co., Ltd",S7646,
"DEDIPROG TECHNOLOGY CO., LTD.",K2886,
"DeepCtrls Technologies Co., Ltd.",T9301,
DELO Industrial Adhesives,I2020,
DELTA ELECTRONICS INC.,P5312,
"DERIGHT PRECISION MACHINERY CO., LTD.",J3252,
Desert Glass Works,S7330,
Desiccant Technology Corporation,R7824,
DETEKT Technology Inc.,S7238,
"DEWTEK DRYING SYSTEMS CO., LTD.",R7604,
"DH CROWN TECH CO.,LTD",Q5136,
DI Corporation,J2634,
"DI KU DIAMOND ENTERPRISES CO., LTD.",S7640,
"DigiHua Intelligent Systems CO., LTD.",P5521,
"Dimond Shamrock Enterprise Co., Ltd.",J2338,
"Ding Cheng International Co., Ltd",Q5537,
"DINKLE ENTERPRISE CO., LTD.",Q5342,
"Directly Technology Co., Ltd",R7224,
"Disco HI-TEC Taiwan Co., Ltd.",M0748,先進封裝
DKK-TOA Corporation,R7712,
"DMS CO., LTD",T9226,
"DNJO Technologies Co., Ltd",I2507,
"DOIT Technical Co., Limited",I2013,
Dong Rong Electronics Co Ltd,R7121,
"DONGIL TECHNOLGY CO.,LTD.",R7312,
"Dongjin Semichem Co., Ltd.",L0816,
DOOJIN Corporation,R7521,
Dou Yee Enterprises (S) Pte Ltd,L0410,
Dow Chemical Taiwan Ltd,X0035,
DS Fibertech Corporation,H0011,
"DSG CO., LTD.",Q5140,
Duksan Hi-Metal,T9409,
Duksan Neolux,T9409,
Dusemund Pte Ltd,T9112,
"Dyfenco International Co., Ltd.",S7941,
"DYNEX CO., LTD",S7642,
"DYT Taiwan Pte.,Ltd.",R8118,
E & R Engineering Corporation,M1048,
"EASE PLUS CO., LTD",T9104,
Easy Field Corporation,K3176,
"Eaton Phoenixtec MMPL Co., Ltd.",P5212,
"EAYUAN METAL INDUSTRIAL CO.,LTD.",T9221,
Ebara Corporation,N0368,
"ebm-papst Ventilator (Shanghai) Co., Ltd.",P5100,
"EC ADVANCE PCB TECHNOLOGY CO., LTD",I2904,
ECM Greentech,I2015,
ECM Greentech,R7324,
ECO ENERGEN Co. Ltd.,Q6337,
Eco World Project Management Sdn Bhd,P6103,
Ecolab Limited,R7700,
Ecolab Limited,R7600,
Economic Development Partnership of North Carolina,S7330,
Ecosphere Clean Global Sdn Bhd,I2103,
"EFAB International Technology Co., Ltd.",J3152,
EFD Corporation,R8020,
EKK Eagle Semicon Components,P6200,
ElectraMet,P5103,
"Elemental Scientific, Inc.",J2353,
Elephantech Inc.,T9404,
"ELS System Technology Co., Ltd.",I2808,
EM-TECHNIK EAST ASIA LTD.,K2186,
Emulsion Flow Technologies Ltd.,Q6235,
"EN HOU POLYMER CHEMICAL INDUSTRIAL CO., LTD",X0011,
Enghouse Systems,Q6158,
"ENJET Co., Ltd.",P5218,
"ENLI TECHNOLOGY CO., LTD.",I2923,矽光子
"EN-LIANG ENTERPRISE CO.,LTD.",L0927,
Ensinger Asia Holding PTE. LTD. Taiwan Branch,K2042,
Entegris Asia Pte. Ltd. Taiwan Branch,L0128,
Enviro-Innovate Tech.,R7718,
"EO Technics Co., Ltd.",L0628,
"ePAK International, Inc.",N0041,
Episil-Precision Inc.,M0634,
"EPORT CO.,LTD",L0909,
EQ GLOBAL,M1140,
eRaytroniks company limited,X0014,
ERS Electronic GmbH,M0257,
"E-satisfy semiconductor ( jiangSu) Co.,Ltd.",Q6246,
"Escort Seal Co., Ltd.",R7120,
"esmo Taiwan Co.,Ltd",K2052,
"ETERNAL MATERIALS CO., LTD.",S7159,
"ETERNAL PRECISION MECHANICS CO., LTD.",N1367,
"Eunodata Co., Ltd.",Q5436,
Evatec AG,M0948,
Ever Island Corporation,L0822,
"EVER PURE APPLIED MATERIALS CO., LTD.",M0156,
Ever Team International Corp.,N0168,
Everlight Chemical Industrial Corporation,K2570,
"EverMore Technology, Inc.",Q5344,
EVERSUPP TECHNOLOGY CORP,L0926,
EVG-JOINTECH,L0310,先進封裝
EVIDENT CORPORATION,J2646,
"EXCEL CELL ELECTRONIC CO., LTD.",S8046,
"EZBOND CHEMICAL CO., LTD.",L1208,
EZO Corporation,H0019,
F Plus Ceramic Applied Materials Limited,L0916,
F&K Delvotec Bondtechnik Singapore Pte Ltd,N1266,先進封裝
FABREEKA INTERNATIONAL INC.TAIWAN BRANCH (U.S.A.),Q5841,
"FAGOR AUTOMATION TAIWAN CO., LTD.",P5700,
"Fang Jie Co., Ltd.",K2287,
FAVITE Inc.,I2924,
"FedEx Express International B.V., Taiwan Branch",R8212,
Femtoscience Inc.,T9060,
"Ferrotec Taiwan Co., Ltd.",N0034,
"Festo Co., Ltd.",P5324,
ficonTEC,R8124,矽光子
Fidertech Corporation,I3327,
"FINE Co., Ltd.",S7737,
Fine Silicon Manufacturing (Shanghai) Ltd.,I2723,第三代半導體
"FINETEK CO., LTD.",J2946,
"FISCHER INSTRUMENTATION (TAIWAN) CO., LTD.",I2126,
FITOK GmbH,L0003,
"Fittech Co., Ltd",I2904,
Flagship International Ltd. 旗艦國際管理顧問有限公司,Q5436,
Flotrend Corporation,S7241,
"FNS, Inc.",I2019,
"Foresight Technology Company, Ltd.",X0007,
Forge Nano,N0982,
Forter Technology Corporation,S7636,
"FOX Co.,Ltd.",Q6134,
"FPI Tech. Co., LTD.",N0288,
"FRD CO., Ltd.",P6212,
French Chamber Taiwan,R7324,
"FRONTXIN ULTRASONIC TECHNOLOGY CO., LTD.",R8205,
FST (Fine Semitech Corp.),Q5658,
"FST International H.C., Ltd.",T9225,
"Fu-Hwa Machine Co., Ltd.",M1055,
"FUJIFILM Electronic Materials Taiwan Co., Ltd.",L0316,
Fujikin Taiwan Incorporated,L0108,
FUKUOKA PREFECTURAL GOVERNMENT,Q6044,
Full Bright Industrial Supply Center,I2010,
"Functional Coating System Technologies Co.,Ltd",R7200,
"G.C MICRO TECHNOLOGY CO., LTD.",N1083,
"GAIN-TEK SEMICONDUCTOR MATERIAL CO., LTD.",I2006,第三代半導體
Galatek Technologies Malaysia Sdn. Bhd.,P6002,
Galaxy Technology Development Company,J3146,
"Gallant Micro. Machining Co., Ltd.",N0662,
"Gallant Precision Machining Co., Ltd.",N0662,
Garma Information & Communacation Inc.,Q5743,
"GASDNA CO., LTD.",H0005,
"Gastron Co., Ltd.",L0012,
Gauss Labs,P5720,
"G-DOK IND. CO., LTD.",R7312,
"GeChi Compound Semiconductor Co., Ltd.",I3222,第三代半導體
Geckos Technology Corporation,L1004,
GEMI TEK CORP.,P5200,
"Gemmy-Tek Technology Co., Ltd.",M1242,
GEMÜ Taiwan Ltd.,L0305,
Genes Tech Group Holdings Co Ltd.,P5412,
"GENII IDEAS Co., Ltd.",P5906,
Gentec (Shanghai) Corporation,Q5646,
Germany Trade & Invest,K2760,
"GET YANG INDUSTRIAL CO., LTD",K2665,
GfG - Gesellschaft für Gerätebau mbH,T9021,
"Giantlok Co., Ltd.",T9202,
"GILLION APPLICATION TECHNOLOGY CO., LTD",I2024,
Glint Materials Co. Ltd,I2927,
GLIT,Q6235,
Global ETS,S7330,
Global Precise Instrument Corporation,J2452,
"Global TechSolutions TW Co., Ltd.",S7752,
GLOBAL ZEUS,T9419,
GMT GLOBAL INC.,Q5442,
Gold Stone Development Co. Ltd,N0462,
"Golden Mountain Enterprise Co., Ltd",T9417,
Government of Ontario,Q6158,
"GPAS OPTRONICS TECHNOLOGY CO., LTD.",M1056,
"Grace Haozan Applied Material Co., Ltd",K2365,
Gradiant,R7720,
GRAND TECHNOLOGY INC.,R7009,
"GrandiT Co., Ltd",T9035,
Grandome Technology Inc.,N0476,
"Great Combination Enterprise Co.,Ltd.",R7804,
"Great Domain Enterprise Co., Ltd.",N0376,
"GREAT KNIVES MANUFACTURE CO., LTD.",T9208,
"GREAT PRECISION CO., LTD.",P5224,
Greater Tokyo Initiative,H0039,
Gredmann Taiwan Ltd.,S8058,
"Green Optics Co., Ltd.",R8218,
"Greene, Tweed & Co., Inc.",R7113,
GreenFILTEC LTD.,R7812,
GreenTrans Corporation,P5522,
"Grikin Advanced Materials Co., Ltd.",K2390,
"Grintimate Precision Industry Co., Ltd.",I3110,
"GROUP UP INDUSTRIAL CO., LTD.",N1162,
GST Taiwan Ltd.,L0200,
"GTA MATERIAL CO., LTD.",L0230,
"GTEN BALL SCREW TECHNOLOGY CO., LTD.",S7002,
"Guangdong iStar Technology Equipment Co., Ltd.",N0043,先進封裝
"Gudeng Precision Industrial Co., Ltd.",N0776,
"GWOUEI METALS INDUSTRY CO., LTD",J3038,
Gyrobot Systems Pte. Ltd,Q5752,
HABOR PRECISION INC.,R7900,
HAITIMA CORPORATION,R7618,
Hajime Corporation,P5920,
Hakuto Taiwan Ltd.,N0262,
"Hamamatsu Photonics Taiwan Co., Ltd.",I2216,
"HAN XING LONG MACHINERY CO., LTD.",L0508,
"Hanaki Rubber Co.,Ltd.",Q6235,
"HANBELL VACUUM TECHNOLOGY CO., LTD",K2376,
"Handletek Co., Ltd.",L0012,
"HangZhou Changchuan Technology Co.,Ltd",K2888,
"Hangzhou Cobetter Filtration Equipment Co., Ltd.",Q5152,
"Hangzhou Deefine Filtration Technology Co., Ltd",R7719,
HANMI Semiconductor,L0516,先進封裝
"HANSTECH ADVANCED MATERIALS CO., LTD.",L0223,
Hantop Intelligence Tech.,P5718,
Hanwha Semitech,N0984,
"Haohua Gas Co.,Ltd.",R7406,
Harbor Technology Solutions,T9136,
HARTLEY ULTRAFAST LTD,I3000,
Hauman Technologies Corp.,M0548,
"HEART TECH ENTERPRISE CO., LTD.",P6019,
"HEATACT SUPER CONDUCTIVE HEAT - TECH CO., LTD.",H0027,
"Hefei ImagEx Electronics Technology Co., Ltd.",T9024,
"Hefei SHAREWIN Semiconductor Material Co.,Ltd.",T9039,第三代半導體
Heidelberg Instruments Mikrotechnik GmbH,R7724,
"HEIDENHAIN CO., LTD (Taiwan)",K2864,
"HELLER INDUSTRIES, INC",I3228,
"HeNan Union precision Material.co.,ltd",X0027,
"Henan Xinlianxin Shenleng Energy Co., Ltd.",T9302,
Heraeus Materials Singapore Pte Ltd,L1008,
Heraeus Printed Electronics GmbH,L1008,
"Herald Aluminum Co., Ltd.",R7012,
Hermes Testing Solutions Inc.,M0538,
Hermes-Epitek Corp.,M0634,
Hermes-Epitek Corp.,M0538,
HERMOS RFID,P5323,
HERONIC TECHNOLOGIES LIMITED,I3000,
Hesse Asia Limited,M0958,
"Hickwall Tech Caster Industrial Co., Ltd.",R8122,
"HIGEE CO.,LTD",R7905,
Hightec Systems Corporation,L0306,
Highvac Corporation,S7330,
Hi-Lo System Research Co. Ltd,Q5338,
"HIMEJI RIKA CO.,LTD.",L0015,
"Hi-Nano Optoelectronics Co.,Ltd.",N1167,
"HIROSE OPTO CO., LTD.",I2406,
Hirose SER Inc.,K2046,
"Hitachi Energy Taiwan Co ., Ltd.",R7704,
Hitachi High-Tech Corporation,S7540,
HIWIN MIKROSYSTEM CORP.,L0600,
Hiwin Technologies Corporation,L0600,
"Holding Electric Co., Ltd.",I3404,
Holland High Tech,K2760,
"Homwell Co., Ltd.",J2640,
"HON. PRECISION, INC.",K3160,
Honeywell Taiwan Limited,Q5343,
"HONG I INSTRUMENTS CO., LTD.",Q6341,
"Hong Kong Mabuchi Motor NPM Trading Co.,LTD. Taiwan Branch Office",K2267,
"Hong Yang Laser Service Co., Ltd.",G0013,
"HONG-KUANG HI-TECH, CORP.",S7252,
"HONG-MING TECHNOLOGY CO., LTD.",I2101,
Honlyco Inc.,T9135,
"HonWay Materials Co., Ltd.",Q5839,第三代半導體
"HORIBA Taiwan, Inc.",J2246,
"Horng Terng Automation Co., Ltd.",Q5252,
"HOYI TECH CO., LTD.",T9025,
"HPRAY (Beijing) Semiconductor Materials Co., Ltd",Q5145,
"Hsiung Mu Enterprise Co., Ltd",I2323,
HTC & SOLAR TECH SERVICE LIMITED,Q5558,
"Huang Liang Biomedical Technology Co., Ltd.",R7200,
"Huangshan Juxin New Material Co., Ltd.",K3462,
"Hundred Semiconductors, Inc.",Q6235,
"Hung Cheng International Technical Co., LTD",R7007,
HUNG CHING DEVELOPMENT COMPANY LIMITED,H0003,
"Hung Shin Technology Co., Ltd.",J2453,
"Hwa Chih Technology Co., Ltd.",S8345,
"HWASHU Enterprise Co., Ltd.",M0356,
"HYE TECHNOLOGY CO.,LTD.",I2300,
"Hypersonic, Inc.",N0762,
"I JANG INDUSTRIAL CO.,LTD.",X0010,
"IBARAKI GRINDING WHEEL Co.,Ltd.",Q6235,
Ibaraki Prefectural Government,Q6235,
i-Bot Technology Inc.,K2360,
IBS - Ion Beam Services,R7324,
IC STARTUP ZONE,T9404,
IceMOS Technology Ltd,I3000,
ICHEON CITY,R7312,
iCometrue Company Ltd.,M0957,
"ICP DAS CO., LTD.",Q5238,
"ICS Technology Co., Ltd.",K2164,
ICSPI Corp,Q6158,
"I-DER-VON ENTERPRISE CO., LTD.",R7904,
IDTechEx,X0003,
ifm electronic ltd.,Q5430,
igus Taiwan Company Limited,K3067,
"IHARA SCIENCE TAIWAN CO., LTD.",T9209,
"IMT Co., Ltd",R7312,
Indiana Economic Development Corporation,S7330,
Indium Corporation,I2416,
"Industrial Development Administration ,MOEA",L0416,
Industrial Technology Research Institute,L0700,
INFICON Company Limited,M0534,
INFINIFLUX,I3000,
Infinity Vision Technology Corp. Ltd,J3256,
Ingentec Corporation,S7558,
"INNOJET TECHNOLOGY CO., LTD.",S7131,
Innolux Corporation,R7200,
Inspiraz Technology Pte Ltd,P6028,
Integrated Service Technology,K3389,
Integrated Technology Corporation Taiwan Branch,K3478,
"INTEKPLUS Co., Ltd.",I2230,
"Intelume LASER SYSTEMS CO., LTD.",N0962,
Intertec Taiwan Corp.,L0226,
INTERTEK TESTING SERVICES TAIWAN LTD,R8301,
inTEST EMS Corporation,N0570,檢測設備
"INTG-TECH CO., LTD.",S7546,
"Intifar Global Co., Ltd",K3082,
INVENTEC Performance Chemicals,S7852,
INVENTEC Performance Chemicals,R7324,
Invest in Costa Rica,K2169,
Investment NSW,S7440,
"ION ELECTRONIC MATERIALS CO., LTD.",S8143,
IOTek G.K.,Q6235,
IR Vision,T9404,
"IRE SEMITEC CO., LTD",P5219,
"ISC Co., Ltd.",K3076,
ISIN INC.,T9216,
Italian Trade Agency - Taipei Office,R8000,
"IWAKI CO.,LTD.",N0266,
Iwatani Corporation (Taiwan) Ltd.,R7001,
"JAINNHER MACHINE CO., LTD.",Q5352,
"JAO JAI ENTERPRISE CO., LTD.",S7743,
JC's Chunson Limited,N0362,
JCU TAIWAN CORPORATION,Q5758,
"JDV CONTROL VALVES CO., LTD.",P5606,
"JEL AUTOMATION CO., LTD.",L1100,
JEM TAIWAN PROBE CORP.,K2276,檢測設備
JEOL Ltd.,K2160,
"JET TECHNOLOGY CO., LTD.",R8224,
"JHT Design Co., Ltd.",K3088,
"Jiangsu Jinggong Semicon Equipment Co., Ltd",K2265,
"Jiangsu Rongdaoshe Semiconductor Equipment Technology Co., Ltd.",T9034,
"JIANGSU XINTIANYU TECHNOLOGY CO.,LTD.",T9517,
"JIANN SHENG MACHINERY & ELECTRIC INDUSTRIAL CO., LTD.",I3205,
"JiaXing Jiuzong Intelligent Technology Co., Ltd.",Q6236,
"Jim & Steve Industrial Co., Ltd.",L1200,
"JIMMORE International Co., Ltd.",Q5840,
"JING CHENG MATERIAL CO., LTD.",I3323,第三代半導體
"JING YUAN TECHNOLOGY CO., LTD.",R7424,
"JINHONG GAS CO., LTD.",S8052,
Jipal Corporation,N0176,
JIPITI（GPT） CO.,R7312,
"JJmr-Clean-Air Solution Tech. Services Co., Ltd",S7530,
JobsOhio,S7330,
"Joen Lih Machinery Co., Ltd.",J2446,
Johnstech International Corporation,J2755,
"JOIN STAR TRADING CO., LTD.",K2181,
"Jong Shiann Enterprise Co., Ltd.",K3270,
"JTEKT THERMO SYSTEMS TAIWAN CO .,LTD",N1166,
"JUFAN INDUSTRIAL CO., LTD.",T9416,
"JUMBO LASER CO.,LTD.",L0005,
"JUMBO LASER CO.,LTD.",R7200,
JUNG CHUNG TECHNOLOGY CORP.,R7806,
"Jung Sung Tech Co.,Ltd.",Q5636,
"JustYa Technology Co., Ltd.",L1125,
"JUSUNG ENGINEERING CO., LTD. TAIWAN BRANCH(SOUTH KOREA)",L0500,
"JYE YEU ENTERPRISE Co., Ltd",J2534,
"JYS OPTICAL INSTRUMENT CO.,Ltd",G0019,
Kagoshima prefecture,Q6143,
Kagoshima prefecture,Q6247,
Kagoshima prefecture,Q6146,
"KA-JENG Co., Ltd",S7007,
Kan I International Corp.,K2465,
KANAUE APPLIED MATERIAL CORP.,L0407,
Kaneka Corporation,S7137,
Kanematsu Corporation,Q5930,
Kanematsu Taiwan Corp.,L1007,
"Kashiyama Taiwan Co., Ltd.",M1034,
"KAWASAKI HEAVY INDUSTRIES, LTD. TAIPEI BRANCH (JAPAN)",P5822,
"KC CO., LTD.",K2476,
KC industrial,K2476,
KC INNOVATION,K2476,
"KC Tech Co., Ltd.",K2476,
KELVIN QUANTUM LTD,I3000,量子科技
"Kenmec Mechanical Engineering Co., Ltd.",L1216,
"Kenner Material & System Co., Ltd",Q5133,
"Kenturn Nano.Tec Co.,Ltd.",Q5744,
Ker Taur Company Ltd.,M1158,
"KEYARROW (TAIWAN) CO., LTD",S7230,
"Keyence Taiwan Co., LTD.",K2660,
Keysight Technologies Taiwan Ltd.,K2037,
Keystone Microtech Corporation,T9605,
"KIMOTO Co.,LTD",H0017,
Kinaxis Inc,Q6158,
Kinetic Systems Engineering & Services Inc.,L1205,
"King Lai Hygienic Materials Co., Ltd.",I2116,
"KING SUN INDUSTRY CO., LTD.",R7819,
"KINGVAST TECHNOLOGY CO.,LTD.",S7130,
"Kingyoup Enterprises Co., Ltd.",N0868,
Kinik Company,Q5130,
KISCO (TAIWAN) LTD.,T9232,
KITZ SCT Corporation,N0476,
"KIYOKAWA PLATING INDUSTRY CO.,LTD",I2900,
"KJT TECHNOLOGY CO., LTD.",I2326,
KLA Corporation,M0248,檢測設備
"K-Max Technology Co., Ltd.",I2500,
KN Holdings,T9418,
Knight Auto Precision Engineering Pte Ltd,N0029,
Koh Young Technology Inc.,M1134,
"Kojem International Co.,Ltd.",T9501,
Kokusai Electric Corp.,N0886,
KOLINK INTERNATIONAL CORP.,R8219,
KoMiCo Technology,K2188,
"Konzern Laser Precision Co., LTD",L0916,
Korea Industry Intelligentization Association,R7312,
"Koscn Industrial Manufacturing（shenzhen）Co.,LTD",S7258,
"Kostek Systems, Inc.",N0490,
KOTRA (Korea Trade-Investment Promotion Agency),R7312,
Kromax International Corporation,J2134,
"K-Shine Quartz CO., Ltd.",S7958,
"KTSEAL CO., LTD.",P5127,
Kulicke & Soffa Pte Ltd,L0616,先進封裝
Kumamoto Prefectural Government,Q6030,
Kung Hai Enterprise Corp.,R7620,
"KURARAY CO.,LTD",S8036,
"KVCINS CO.,LTD.",R7312,
Kyoto Prefecture,Q6036,
Kyushu Railway Company,H0041,
KYZEN CORPORATION,I2423,
LAB14,R7724,
Lam Research Corporation,M0858,
"Lasertec Taiwan, Inc.",L1128,檢測設備
"LASERTEK TAIWAN CO.,LTD",S7652,檢測設備
Latent Technologies Inc.,I3200,
"LEADER VISION TECHNOLOGY CO., LTD.",K2982,
"LeadinWay Co., Ltd.",S7540,
Leafy Lab,T9404,
"LEEDO TECHNOLOGY CO., LTD.",S7140,
Levitronix GmbH Taiwan Branch,J2256,
LG Chem,S7430,
LIAKO TECH. CORP.,T9037,
LIGHT TRACE PHOTONICS LTD,I3000,矽光子
"Lim Chemical Co., Ltd.",N0470,
Limitek Ltd.,P6100,
"Linde LienHwa Industrial Gases Co., Ltd.",L0210,
Linque GmbH,R7112,
LINTEC Advanced Technologies (Taiwan) Inc.,M0734,
"LINTEC Co., Ltd.",R7321,
LiVe Optronics Company Limited,T9404,
"LiveStrong Optoelectronics Co., Ltd.",R7200,檢測設備
"LNEYA Thermo Refrigeration Co.,Ltd.",S7153,
"LON-GINE PRECISION INDUSTRY CO., LTD.",Q5836,
Lux Industries Ltd,I3000,
"LV INTERNATIONAL CO., LTD.",Q5352,
Lync Semi LLC,T9611,
MACDERMID PERFORMANCE SOLUTIONS TAIWAN LTD.,L0800,
MACHVISION Inc.,I2300,
"Macrotest Semiconductor Technology Co., Ltd.",K3266,檢測設備
MACTECH CORPORATION,R7004,
"MACTRONIX SYSTEMS, LLC",S7741,
MADDE Inc,H0029,
Malvern Panalytical,I2129,檢測設備
"MANOCK INDUSTRY CO., LTD.",Q5158,
Manz,M1248,
marco Systemanalyse und Entwicklung GmbH,R7112,
Marketech International Corp.,M0234,
Marposs Company,K2035,檢測設備
Maruyama Chiller Corporation,N0285,
MASTech,S7330,
"MASTERLOK (ZHEJIANG) INTERNATIONAL TRADING CO., LTD.",L0629,
Max Luck Technology Inc,S7736,
Maxell Taiwan Ltd,N0983,
MAXWELL TECHNOLOGY PTE. LTD.,P6020,
MB Automation GmbH & Co. KG,R7112,
MCM EUROPE TRADING INC.,G0017,
"MDI Taiwan Innovations Co., Ltd.",R7918,
Meaglow Ltd,Q6158,
MEC TAIWAN COMPANY LTD.,R7100,
"Mecatron Machinery Co., Ltd.",S8158,
MEDC (Michigan Economic Development Corporation),S7330,
MEDICAL INTUBATION TECHNOLOGY CORPORATION,R7003,
"MELCON Co., Ltd.",S7537,
MEMPro Corp.,K3284,
Mesa Quantum,S7330,檢測設備、量子科技
"MetaSOL Co., Ltd.",R7312,
"MFC Sealing Technology Co., Ltd.",J2456,
Mi Equipment (M) Sdn. Bhd.,L0100,
"Micraft System Plus Co., Ltd.",P6122,
Micro Control Company,L0116,
"Microcosm Technology Co., LTD.",L1105,
Micro-Epsilon Taiwan,K2288,檢測設備
Micro-Mechanics PTE. Ltd.,N0566,
Micron Star Technology Limited,J2438,
"MICRONICS JAPAN CO., LTD.",K2960,
"Microprogram Information Co., Ltd",P5512,
"Microsys Engineering Co., Ltd",M1355,
"MINDMAN INDUSTRIAL CO., LTD.",Q5246,
Mindox Techno Pte. Ltd.,S7736,
"Mingkun Technologies Co., Ltd.",N1086,
"Mipotech Co., Ltd",P5121,
Mirle Automation Corporation,N0676,
"MITSUBISHI CHEMICAL TAIWAN CO., LTD.",L0900,
"Mitsubishi Electric Automation(TAIWAN) Co.,Ltd.",J2754,
"Mitsui Fudosan Co., Ltd.",Q6135,
"Mitutoyo Taiwan Co., Ltd.",N0270,檢測設備
mixxtech.io,I2923,
Miyagi Prefectural Government,Q6134,
Miyazaki Prefecture,Q6148,
"MKP Co., Ltd.",R8204,
MOL Solutions Inc.,S7552,先進封裝、檢測設備
"MOOHO TECHNOLOGY CO., LTD.",G0007,
"Morich Trade Co., Ltd.",R7104,
MPP FASTENER CORPORATION,S7237,
MSP Corporation,P6118,
"MSSCORPS CO., LTD.",Q6230,
"Mu-tech Precision Co., Ltd",I2816,
MYCROPORE CORPORATION LTD.,L0006,
"Myungsung Instrument Co., Ltd.",R7312,
Nabu Optical Systems,T9404,
"NAGASE (TAIWAN) CO., LTD.",L0910,
"Nakajima Chemicals Co.,Ltd.",T9309,
Namics Corporation,J2940,
Nano Chemix Inc.,Q6235,
"Nano Electronics and Micro System Technologies, Inc.",L0300,
Nano Precision Corporation Limited,R8200,
Nanofilm Technologies International Limited,N0376,
Nanosurf AG,R7724,
"NANOSYS CO., LTD.",I3428,
"NanoSystem Solutions, Inc.",H0009,
"Nantong Wintime Semiconductor Technology Co., Ltd.",T9201,
Napson Corporation,I2430,
"National Center for Instrumentation Research, National Institutes Applied Research",N0482,
National Chung-Shan Institute of Science & Technology,T9029,
National Instruments Corporation,I2410,
"NDS (TAIWAN) CO., LTD.",M1058,
Neo Corporation,N0188,
Netherlands Office Taipei,K2760,
"NEW AMIGO CO.,LTD",S8146,
"New Best Wire Industrial Co., Ltd.",K2260,
"New Eiko Enterprise Co., Ltd.",S8239,
"New Fast Technology Co., Ltd.",J2440,
"New J.R. Electronic Co., Ltd.",J3246,
"New Smart Technology Co., Ltd",Q5452,
New YF Precision Corporation,I2510,
nexensor Inc,N1092,
"NEXTIN, Inc.",N1187,
"Nextool Technology Co.,Ltd",X0006,
"NEXTZHEN CO.,LTD",R7312,
NFORT TECHNOLOGY CORPORATION,R8023,
"NHK Spring (Taiwan) Co., Ltd.",K2876,
Nichias Corporation,T9120,
Niching Industrial Corp.,M0158,
"Nicslab Ops, Inc.",T9404,
NIDEC ADVANCE TECHNOLOGY TAIWAN CORPORATION,K3276,
"NIKEETECH CO., LTD",S7339,
NIKON CORPORATION,M0148,
"NINGBO HONGWU PIPE INDUSTRY CO., LTD.",X0013,
"Nippon Electric Glass Co., Ltd.",X0031,
"Nippon Sanso Taiwan, Inc.",M0256,
"NIPPON SHOKUBAI Co., Ltd.",S7836,
"NIPPON STEEL STAINLESS STEEL PIPE CO., LTD.",S7740,
"NISHIMURA CHEMITECH CO.,LTD",Q6058,
NISSEI CORPORATION,I2222,
"Nivek International Co., LTD.",K2786,
"Nordson Advanced Technology LLC, Taiwan Branch",I2308,
North Enging Corp.,K2568,
Notion Systems GmbH,R7724,
Nova Ltd.,L1000,
NOVOMORPHIC LTD,I3000,
"NS Technologies, Inc.",Q5930,
NSW Automation Sdn Bhd,P6101,
"NTS Technology Co., Ltd.",J2539,
NTT Advanced Technology Corporation,R8018,
Oculi,T9404,
ODA Technologies Co. Ltd.,P6218,
Odyssey Technical Solutions,J2137,
Odyssey Technical Solutions,J2139,
"OFUNA TECHNOLOGY Co.,Ltd.",Q5640,
Ohmplus Technology Inc.,I3022,
Ohmplus Technology Inc.,T9404,
Okayama Prefecture Industrial Promotion Foundation,H0033,
OKins Electronics,K2685,
Oklahoma Department of Commerce,S7330,
"Okuno Taiwan Co.,Ltd.",S7630,
OMEGA Scientific Taiwan Ltd.,P5221,
OmniMeasure Technology Inc.,I3204,
OMRON Corporation,Q5842,
ONANO INDUSTRIAL CORP.,N1062,
Onn Wah Tech Pte Ltd.,P6121,
Onto Innovation,L0728,檢測設備
"Optifab, Inc.",L1326,矽光子
"Orbray Co., Ltd.",N0166,
"Orbray Co., Ltd.",T9124,
ORICUS SEMICON SOLUTIONS PTE. LTD.,P6016,先進封裝
Orient Service Corp.,I2117,
ORIOLE NETWORKS LTD,I3000,
Orlando Economic Partnership,S7330,
ORO,R7312,
"Osaka Vacuum, Ltd.",I2327,
"OSS Technology Co., Ltd.",X0005,
Oxford Instruments,I2022,檢測設備
Oxford Lasers Ltd,I3000,
"Pall Singapore Taiwan Branch Holding Co., Pte. Ltd.-HsinChu Office",L0216,
"Panasonic Connect Co., Ltd.",N1286,
"Panther Technology(Shenzhen)Co.,Ltd",J2153,
"PAO TAI PRECISION INDUSTRY CO., LTD.",R7221,
"PARAGON TECHNOLOGIES CO., LTD.",I3323,
Park Systems Corp.,N0966,檢測設備
Parker Hannifin Taiwan Co. Ltd.,M0558,
"PARKSON WU INDUSTRIAL CO., LTD.",Q5738,
Particle Measuring Systems Inc.,I2225,
Pasco Precision Corp,Q5843,
"PBA SYSTEMS (TAIWAN) CO., LTD",Q5830,
"PDF Solutions, Inc.",J2834,
PEER Group Inc.,K2966,
PEMTRON Corporation,M1242,
Pentamaster,I2830,
PENTAPRO MATERIALS INC.,S8044,
PENTAPRO MATERIALS INC.,R7200,
"PERFECT MACHINE CO., LTD.",Q5352,
Pfeiffer Vacuum Taiwan Corporation,J2840,
PHIDRIX Inc.,R7725,
"PHOENIX CONTACT CO., LTD.",S7438,
PHOTARIX,I3000,
"PHOTON-TECH INSTRUMENTS CO., LTD.",K2982,
Physik Instrumente (PI) Taiwan Ltd,I2822,
Pibond Oy Taiwan Branch,L0828,
PICKERING TEST LTD,I3000,檢測設備
"PIE Co., LTD",R7312,
Pinnacle Vacuum Components Taiwan Branch,R7504,
"PIONEER SEMICONDUCTOR MACHINE CO., LTD.",K3188,先進封裝、檢測設備
"Pitotech Co., LTD",J3142,
PLANOPTIK AG,M0856,
"PLASTICNET CO., LTD.",K2286,
"PlayNitride Display Co., Ltd.",I3016,
PMI,J2434,
Poland Pavilion,I3116,
"POMME TECHNOLOGIES CO., LTD",P5800,
Poro Technologies Ltd,I3000,
"POSA MACHINERY CO., LTD.",Q5352,
"PowerTech Co., Ltd.",K2882,
Pragmatic Semiconductor Ltd,I3000,
Precision Machinery Research & Development Center,Q5352,
Precitec Optronik GmbH,K2029,檢測設備
Premtek International Inc.,L0122,檢測設備
Prestige Technology (S) Pte Ltd,P6012,
"Primarius Technologies Co.,Ltd.",J2638,
"Primary Tech Enterprise Co., Ltd.",L0530,
"ProbeLeader Co., Ltd",K2170,檢測設備
ProSpectral Ltd,I3000,
"PROTEC CO., LTD.",N0388,
PSK Asia Inc.,M0848,
PTW ASIA PTE. LTD. TAIWAN BRANCH,N0882,
PVA Taiwan Ltd.,K3260,
Qnity Electronics,S7930,
Qualified AM GmbH,R7112,
Qualmax Taiwan Limited,K2264,
Quantumtek Innovatives Corporation,I2816,
Quatek International Limited Taiwan Branch,I2430,
QUICK SEMICONDUCTOR,H0034,先進封裝
Quobly,R7324,量子科技
"Radiation Technology Co., Ltd.",J3153,
Rayvatek INC.,R7626,
"Rayzher Industrial Co., Ltd.",I2200,
"RECIF Technologies Taiwan Co., Ltd.",N0184,
ReeR Taiwan Ltd.,R8000,
REGO Electronics Inc.,I3422,
Rehm Thermal Systems (Hong Kong) Limited,P6112,
"REIWA MATERIAL CO.,LTD",X0022,
Reliya Technology Ltd.,I2326,
RENA Technologies GmbH,N1067,
Renishaw (Taiwan) Inc.,R8112,檢測設備
"Resonac International(Taiwan) Co., Ltd",M1148,
Rigaku Corporation,N0592,
"Riken Keiki Taiwan Co., Ltd.",M0834,
"RION CO., LTD.",J2356,檢測設備
"Riye Electric Co., Ltd.",R8005,
RKC INSTRUMENT INC.,Q5339,
Road Ahead Technologies Consultant Corp.,Q5143,
RockCore Technology,T9404,
Roechling Industrial (Singapore) Pte Ltd.,X0024,
Rohde & Schwarz GmbH & Co. KG,R7112,
"Rokko Electronics Co., Ltd.",K2168,
ROKKO Systems Pte Ltd,N0492,
"Rorze Technology, Inc.",J2734,
Rotarex,N0267,
"RPS CO., LTD.",J3156,
"RS Components Limited, Taiwan Branch",X0019,
"Ruter Elastomer Co., Ltd",K2034,
"Ruth Cleaning Technology Co., Ltd.",S7637,
"Sae Han Micro Tech Co., Ltd.",T9212,
Safe World Engineering,L1126,
Saga Prefecture,Q6130,
"Saint-Gobain Advanced Materials (Taiwan) Co., Ltd.",J2334,
Samco Inc.,N0367,
Sandvik Osprey Ltd.,X0016,
santec,T9204,
Sanwa Engineering Corp.,N0876,
Sanying Precision Instruments Co. Ltd,P6305,
"Sanyu Co.,Ltd",Q6235,
"SANYU REC CO.,LTD",I2004,
"Saultech Technology Co., Ltd.",N0976,
"SBT Ultrasonic Technology Co., Ltd.",Q5541,
"SCH Electronics Co., Ltd.",L0216,
SCHMID Taiwan Ltd.,S8258,
Schmidt Scientific Taiwan Ltd.,K2176,
SCHOTT AG,R7220,
Scientech Corporation,M0338,
"Scientific Gear Service Co., Ltd.",I3216,
"SDS TECH CO.,LTD",P5918,
SE Technologies Corp.,K2043,
Sealink Corp.,M0556,
SEBA Inc.,G0015,
"SEC CO., LTD.",Q6343,
"Security Platform as a Service, Administration for Digital Industries of moda",Q5346,
"SEIWA OPTICAL TAIWAN, INC.",N0038,
"SEKISUI CHEMICAL CO., LTD",H0031,
"SEKISUI CHEMICAL CO., LTD",S8343,
SelectFlorida,S7330,
"Selling-Ware Co., Ltd.",N0576,
"SEMES Co., Ltd.",M1040,
Semics Inc.,K2588,
Semilab Taiwan Co. Ltd.,K2386,
Semtek Corporation,J3240,
"Servomex, Inc.",I2225,
SET CORPORATION SA,N1184,
SGL CARBON GmbH,R7112,
"Shandong Chief Fluoride New Materials Co.,Ltd",X0021,
"Shandong Taihe Technologies Co., Ltd.",S7840,
"Shanghai GND eTech Co.,Ltd",S8341,
"SHANGHAI JIEHONG MECHANICAL EQUIPMENT CO., LTD",T9041,
"Shanghai Lasensor Photoelectric Technology Co., Ltd.",X0015,
"Shanghai Pullner Filtration Technology Co.,Ltd",T9056,
"Shanghai YD Technology (Group) Co., LTD.",R7612,
"SHE HONG INDUSTRIAL CO., LTD.",Q5352,
SHELLBACK Semiconductor Technology,J2157,
"SHENG CHUAN Technology CO.,LTD",P5512,
Shenmao Technology Inc.,L0930,
"Shenyang Heyan Technology Co.,Ltd",N0049,
"Shenzhen Hanchi Technology Co.,LTD",M1255,
"Shenzhen KHJ Technology Co.,Ltd",X0017,
"Shenzhen Merry Precise Electronic Co.,Ltd",N0866,
"Shenzhen Naso Tech Co.,Ltd",J3255,
"Shenzhen SinceVision Technology.co., Ltd.",T9023,
"Shenzhen Tensun Precision Equipment Co., Ltd",P5812,
"Shenzhen Xinyichang Technology Co., Ltd.",K3270,
"Shenzhen Youibot Robotics Co., Ltd.",R8024,
Shibaura Mechatronics Taiwan Corporation,N1176,
Shimifrez Inc.,Q6158,
"SHIN HAU TECHNOLOGY CO., LTD.",P5823,
"Shin Yuang Electric Co.,Ltd",P5113,
"Shin Yueh Applied Materials Co., Ltd.",K2970,
"SHINCRON.CO.,LTD.",I2826,
"Shinwa Controls Taiwan Co., Ltd.",J3450,
"Shiny Precision Co., Ltd",S7543,
"Shuz Tung Machinery Industrial Co.,Ltd.",K3068,
"SHYAN SHENG HITECH CO., LTD.",K2483,量子科技
SHYAWEI OPTRONICS CORPORATION,R7006,
"SIAMC Advanced Materials Co., Ltd.",J3239,
Siemens Limited Taiwan,Q5536,
SIGMA Technology Corporation,J2546,
Silicon SAXONY e.V.,K2760,
"SiliconAuto Taiwan CO., LTD.",T9116,
Sil-More Industrial Ltd.,I2322,
"Silvaco Taiwan Co., Ltd.",I2018,
SIMACO ELETTROMECCANICA S.R.L.,R8000,
SineTest Technologies Pte Ltd,P6123,
"SINFONIA TECHNOLOGY CO., LTD.",N1262,
Singapore Precision Engineering and Technology Association (SPETA),P6026,
"SINGWAY TECHNOLOGY CO.,LTD",L1016,
SinMat Technology Corp.,R7113,
Sinom Corporation,S7009,
"SINTECH TECHNOLOGY CO., LTD.",M1234,
Sipearl,R7324,
"SISSCA Co., Ltd.",I2300,
SIXSENSE PTE. LTD.,P6117,
"SKL Tech Co., Ltd.",L1127,
SmarAct GmbH,S8237,
"SMC Automation Co., Ltd.",J2746,
"SMFL MIRAI Partners Company, Limited",N0392,
Smiths Interconnect,K2054,
"Smytik (Kunshan) Precision Machinery Co.,Ltd",T9032,
Solace Corporation,Q6158,
Solar Plus Company,K3167,
Solinide Photonics AB,T9404,矽光子
Solomon Technology Corp.,Q5437,
Solstice Advanced Materials,S8137,
Sonix Inc,L0327,
"Southern Taiwan Science Park Bureau, National Science and Technology Council",R7200,
"SOW LONG INDUSTRIAL CO., LTD",S8337,
SPD Tech Valley Sdn. Bhd.,P6000,
SPECS Surface Nano Analysis GmbH,R7724,
"Speedfam Co., Ltd.",N0276,
SPT/SMALL PRECISION TOOLS,M0158,
"SRT Co., Ltd.",Q6235,
"SSK Co., Ltd.",T9308,
ST Co.,G0011,
"Standard Robots Co., Ltd.",Q5330,
Standard Technology Corporation,M0840,
Standex Electronics,I3024,
"Star Trade CO., LTD.",R8012,
State of Colorado,S7330,
State of Idaho,S7330,
"S-TEAM Lab, spol. s.r.o.",H0001,
"Stella Technology Co., Ltd.",K2382,
STMicroelectronics,R7324,
"SUCCESSFUL HEART TECHNOLOGY CO., LTD.",P6319,
"SUCCESSFUL HEART TECHNOLOGY CO., LTD.",P6224,
"Sumika Chemical Analysis Service, Ltd.",L0227,
"Sumitomo (SHI) Cryogenics Taiwan Co., Ltd",N0036,
"Sumitomo Bakelite Co., Ltd.",T9512,
"Sumitomo Heavy Industries Material Solutions Co., Ltd.",R7124,
"Sumitomo Heavy Industries Material Solutions Co., Ltd.",M0634,
"Sumitronics Taiwan Co., Ltd",I2900,
"SUN Corporation, Ltd.",Q5458,
Sun-Opto Technology Corp.,I2405,
SUNSUN-TECH,M1157,先進封裝、矽光子
"Super Air Compressor Technology Co., Ltd.",R8019,
SUPERBIN COMPANY LTD.,Q5630,
SuperPlus TECH,P5300,
"Surfx Technologies Taiwan Co., Ltd.",K2584,
"SurplusGLOBAL, Inc.",M1140,
"SUSS MicroTec (Taiwan) Co., Ltd.",N0162,先進封裝
"SUTING PRECISION INDUSTRIAL CO., LTD.",N0967,
"SuZhou Dongmai New Material Technology CO.,Ltd.",K3066,
"Suzhou Eoulu System Integration Co.,Ltd.",I2026,
Suzhou Ginet new material technology Co.Ltd,T9304,
"SuZhou Guangduo Micro, Nano Devices Co., Ltd",S7758,
"Suzhou Jingtou Semiconductor Technology Co., Ltd.",S8144,
"Suzhou Supermag Intelligent Technology Co.,Ltd.",S7133,
Swagelok Taiwan,R7524,
SWCC Corporation,S8042,
SYENSQO,Q5552,
"Symtek Automation Asia Co., Ltd.",N0776,
Synergie Cad GROUP,K2984,
"SynPower Co., Ltd.",N0776,
SYNUS Tech,R7312,
"SYO Technology Co., LTD.",K2045,
System General,K2983,
Systems Engineering Inc.,S7541,
"T&C Technical Co., Ltd.",S7012,
"Ta Liang Advanced Smart Technology Co., Ltd.",N1068,
"Tachia Yung Ho Machine Industry Co., Ltd",K2460,
"Taichi Metal Material Technology Co., Ltd.",R7200,
"TAIHO TOOL MFG. CO., LTD..",S8240,
TAIPURE,R7821,
"TAIWAN 3AXLE TECHNOLOGY CO., LTD.",R8106,
"Taiwan Aerogel Technology Materials Co., Ltd.",R7200,
Taiwan Air Water Mach Co. Ltd.,Q5243,
"TAIWAN ANJI MICROELECTRONICS TECHNOLOGY CO., LTD.",P6106,
"Taiwan Asahi Diamond Industrial Co., Ltd.",M0434,
TAIWAN ASSOCIATION OF MACHINERY INDUSTRY,X0012,
"Taiwan Busway Co., Ltd.",Q5530,
"TAIWAN CANDEAR INDUSTRY CO., LTD.",N0588,
"Taiwan Carrier Tape Enterprise Co., Ltd.",J2552,
"TAIWAN CHELIC CO., LTD.",J2946,
Taiwan CKD Corporation,I2716,
"TAIWAN DAIKIN ADVANCED CHEMICALS, INC.",L1108,
"Taiwan Fairfield Electronic Technology CO., LTD.",L0528,
TAIWAN FANUC CORPORATION,R7101,
Taiwan Fluid Power Association,Q5440,
"TAIWAN FYLIN INDUSTRIAL CO., LTD.",Q5937,
TAIWAN GRACE INTERNATIONAL CORPORATION,Q6043,
Taiwan High-Tech Facility Association,R7519,
Taiwan Hirata Corporation,Q5146,
"Taiwan Kanken Techno Co., Ltd.",J2554,
"Taiwan Kong King, Co., Ltd.",J2538,
"Taiwan Maxwave Co., Ltd.",S7452,
"Taiwan Mitsui Chemicals, Inc.",L0106,
"Taiwan Mitsui Chemicals, Inc.",Q6152,
"TAIWAN NEW COSMOS ELECTRIC CO., LTD",N0282,
"Taiwan Nitta Filter Co., Ltd.",I2107,
"TAIWAN PETRO CONVEYOR TRANSMISSION MACHINERY PARTS CO., LTD.",T9402,
Taiwan Puritic Corp.,I2106,
"TAIWAN SERVO DYNAMICS Co,. LTD",P5205,
"TAIWAN SERVO DYNAMICS Co,. LTD",P5204,
"TAIWAN SHIIMA ELECTRONICS CO., LTD.",J3456,
Taiwan Stock Exchange Corporation,T9126,
"TAIWAN TRUEWIN TECHNOLOGY CO., LTD",Q5852,
"TAIWAN TSUBAKIMOTO TRADING CO.,LTD",Q5730,
Taiwan Uyemura Co Ltd,K2560,
"TAIWAN YUAN TAIFENG OPTRONICS CO., LTD.",M0838,
"Takai Precision Co., Ltd",L0001,
"Takano Co., Ltd.",L0400,
"Takumi Precision Co., Ltd.",Q5737,
"TANAKA PRECIOUS METAL GROUP CO., LTD.",S7858,
TAZMO Apprecia Formosa Inc.,M1258,
TDC Corporation,Q6134,
TDK Corporation,N0290,
"TDMC CO., LTD.",I3106,
"TECH PLUS PRECISION MACHINERY INDUSTRY CO., LTD.",I2622,
"Techgo Industrial Co., Ltd.",R7520,
TECHMAN ROBOT INC.,P5406,
"Technic Taiwan Co., Ltd.",N0031,
"Technic, Inc.",R7324,
"Technical & Try Co., Ltd.",J3052,
Technoprobe,R8000,檢測設備
"TECNISCO, LTD.",R8222,
"TEEN-YU CO., LTD.",H0023,
Teesing Taiwan LTD.,Q5241,
"Tek Crown Technology Co., Ltd.",K2490,
"TEKSCAN, MEMS Technology",N0467,
Teltec Semiconductor Pacific Limited,N0570,先進封裝
"Tendly Enterprises Co., Ltd.",Q5237,
Tenpro Advanced Technologies,I3426,
Tenstorrent Inc.,Q6158,
"TeraSolar Energy Materials Corp., Ltd.",X0032,
TES ELECTRICAL ELECTRONIC CORP.,I2304,
TESCAN GROUP TAIWAN Co. Ltd,R8201,
Tesec Corporation,K3367,
"Test Research, Inc. (TRI)",I3210,檢測設備
Texwipe Asia,S7330,
TFE Inc.,K2048,
"T-GLOBAL TECHNOLOGY CO., LTD.",S7937,
Thales System Corporation,P6204,
"THE LEADER APPLIED MATERIALS CO., LTD.",K2470,
"The Marianas, USA",S7330,
The Swedish Trade & Invest Council,R8006,
THERMAP SOLUTIONS LTD,I3000,
"THINTECH MATERIALS TECHNOLOGY CO., LTD. LUKE BRANCH",R7200,
"THIRD ENTERPRISE CO., LTD.",R7506,
"THK Taiwan Co., Ltd",S7352,
THOMASCABLE,T9224,
Tinman Advanced System Technology Pte Ltd,X0004,
"Titan Electro-Optics Co., Ltd",I2001,
"Titan-Semi Co., Ltd.",K2370,
TMBA SMART TEAM,Q5352,
"Tohoku-MicroTec Co., Ltd",Q6134,
"TOKYO AIRCRAFT INSTRUMENT CO.,LTD.",T9108,
"Tokyo Diamond Tools Mfg. Co., Ltd.",Q6134,
Tokyo Electron Limited,M0648,先進封裝
"Tokyo Keiso Co., Ltd.",J2656,
"Tomocube, Inc",T9237,
TONG YI MACHINERY INC.,S7730,
"Tongtai Machine & Tool Co., Ltd.",I2516,
"TOP TECH MACHINES CO., LTD.",S7841,
"Topco Scientific Co., Ltd.",I2700,
TopoLogic Inc.,T9404,
"Toray Engineering Co., Ltd.",J2234,
"Toward Technologies, Inc.",K3168,
"Toyo Adtec co., Ltd.",Q5946,
"TOYO AUTOMATION CO., LTD.",J3054,
"T-PARUS TECHNOLOGY CO., LTD.",S8152,
TQC PRECISION ENGINEERING PTE. LTD,P6022,
Tracoworld Ltd.,R8104,
"Transworld Steel Enterprise Co., Ltd.",P5512,
Trebor International,L0204,
Trelleborg Sealing Solutions Taiwan Co. Ltd,L0020,
Tricorntech Corporation,R7106,
"Trident Green Environmental Technology Co., Ltd.",L0916,
"TrInity Analysis Tech Co., Ltd.",Q5230,
TRIPOD Technology Corporation,J2352,
"Tronic Purity, Inc.",I2210,
Tronstek International Inc.,I3228,
"TRUMPF Taiwan Industries Co., Ltd.",P6206,
"TRUST CLEAN TECHNOLOGY CO., LTD.",K2175,
Trusval Technology Co. Ltd.,R7512,
"TS RF Instruments Co., Ltd.",J3241,
"TSE Co., Ltd.",J3034,
TSI INCORPORATED,P6118,
"Tuner Technology Co., Ltd.",L0009,
TURBO FORTUNE TECHNOLOGY INC.,P6021,
TurboNext.ai,T9404,
Turnkey Solutions Technology LTD.,R8100,
U.K. TECHNOLOGY CORP.,N0689,
"Uangyih-Tech Industrial Co., Ltd.",R7800,
"Ucome Tech Co., Ltd",L1309,
Ueki Corporation,T9062,
"Ueno Seiki Co., Ltd.",I3305,
UK Pavilion,I3000,
"Ultraband Technologies, Inc.",I3307,
"ULTRA-PAK INDUSTRIES CO., LTD.",Q5652,
ULVAC Taiwan Inc.,P5206,
Umicore Thin Film Products AG,N0192,
"Underwriters Laboratories Taiwan Co., Ltd.",M0939,
Unice E-O Services Inc.,S8136,
"Uni-Crown Co., Ltd.",R7205,
Union Square International Corp.,T9209,
UNITECHNO INC.,S7004,
"United C&N Co., Ltd.",P5600,
"United Precision Technologies Co.,Ltd.",K2985,
United Silicon Innovation Corp.,L1024,
UniTest Taiwan,J3046,檢測設備
"Ushio Taiwan, Inc.",M0358,
"USUN TECHNOLOGY CO., LTD",N1383,
USYNC INC.,Q5352,
"Utechzone Co., Ltd.",N1170,
"UTRUN-TECH CO., LTD.",S7641,
"UVAT Technology Co., Ltd.",M1254,
"Valex Semiconductor Materials (zhejiang) Co.,Ltd",Q5135,第三代半導體
VALUE IMPACT CORPORATION TAIWAN BRANCH,J2739,
"VALUE VALVES CO., LTD.",R7621,
"VASTI TECHNOLOGIES CO., LTD",R8119,
"VAT Taiwan Co, Ltd.",M0942,
"Vector Japan Co.,Ltd",L0207,
VECTOR PHOTONICS LIMITED,I3000,
Veego Corporation,H0015,
Vellex Computing,T9404,
VEOLIA,R7324,
Vermes Microdispensing GmbH,R7112,
Vero Veria Corporation,R7500,
Vervesemi Microelectronics Pvt Ltd,R8323,
Vieworks Co.，Ltd.,T9616,
VIMIC Electronic Corp.,N0366,
VISION IV Corporation,T9404,
ViTrox Technologies Sdn. Bhd.,P6006,檢測設備
"V-Tech Precision Co., Ltd",Q5159,
VX Instruments GmbH,R7112,
"WA NEW TECHNOLOGY CO., LTD.",P5612,
"WACOM TAIWAN CO., LTD.",L0027,
Wafer Works Corporation,J3353,第三代半導體
Waftech Sdn. Bhd.,I2916,
Wah Lee Industrial Corp.,S7936,
Watty Corporation,L0008,
WAVE PHOTONICS LTD,I3000,矽光子
WEBB LTD.,N0040,
"WEISUN INDUSTRIAL CO., LTD.",P5712,
"WELL THIN TECHNOLOGY, LTD.",S8246,
Weltall Technology Corporation,P5106,
Werner Lieb GmbH,R7112,
WESI Technology Limited,I2428,
"WEXTEN PRECISE INDUSTRIES CO., LTD.",Q5352,
"White Knight Fluid Handling, Inc.",I2100,
WIN Semiconductors Corp.,J3234,
"Win Win Precision Technology Co., Ltd.",K3060,
"Winchain Material Technology CO.,LTD.",P6219,
Wings Global Technology Inc.,S7546,
WINIFRED INTERNATIONAL TECHNOLOGY LIMITED TAIWAN BRANCH,P5319,
"WINSON MACHINERY CO., LTD.",Q5352,
"WinWay Technology Co., Ltd.",K2776,
"Wire Technology Co., Ltd.",L0810,
Wisdom Power International Corporation LTD,L0017,
"WITH SYSTEM CO.,LTD.",R7312,
"Wonik Quartz Taiwan Co.,LTD",S7844,
"World Diamond Materials Co.,Ltd.",S7546,第三代半導體
"Xinxiang Shengda Filtration Technique Co.,Ltd",T9056,
"xMEMS Labs,Inc.",T9504,
Xtreme Testek Inc.,T9143,檢測設備、第三代半導體
"YAHO System Technology Co., Ltd.",S7152,
Yamaguchi Industrial Promotion Foundation,H0040,
YASKAWA ELECTRIC TAIWAN CORPORATION,P5704,
"Yeh Jeh Co., Ltd",T9211,
Yen Ann Technology Company Limited,Q5942,
YeSiang Enterprise Co. Ltd,R7300,
"Yeson Waterteatment Co., LTD.",S7001,
Yield Engineering Systems,N1276,
"YJ STAINLESS CO., LTD.",P5222,
"YMT CO.,LTD TAIWAN BRANCH (KOREA)",Q5958,
YODN Lighting Corp.,K2489,
"Yodogawa Taiwan Co., Ltd.",I2523,
Yonata Electronics,T9508,矽光子
YoungTek Electronics Corp.,K2976,
"YU PENG TECHNOLOGY CO., LTD.",R7605,
"Yu Shyan System Technology Materials Co., Ltd.",K2970,
"YUAN JING PRECISION CO., LTD.",S7002,
YU-CHEN SYSTEM TECHNOLOGY CORP.,P5306,
"YUDEN-TECH CO., LTD.",P5305,
Yuhon Enterprise Corporation,L0830,
YUJAY Technology Inc.,J2838,
"Yujeong System Co., Ltd.",R7312,
ZEN VOCE CORPORATION,P5900,
Zeon Corporation,S7830,
Zero One Semiconductor Technology (Changzhou) Co. Ltd.,H0034,
Zestron Taiwan Ltd.,X0018,
"ZhangJiaGang AnChu Technology CO.,LTD.",J3253,
"Zhejiang Futong Quartz New Material Co.,Ltd",X0026,
"Zhejiang Hangke Instrument Co., Ltd.",T9210,
"ZheJiang OPAL Quartz Tech Co.,Ltd",J2653,
"Zhejiang Yuanxin Advanced Material Co.,Ltd",T9110,
"ZHI HUI CO., LTD.",Q5153,
"Zhonghuan Advanced Semiconductor Technology Co.,Ltd.",S7446,
"Zhongshan MEISU Technology Co.,Ltd.",X0008,
"ZI YI ELECTRICAL ENGINEERING CO., LTD.",R7912,
"Zillion Tek Co., Ltd",N0382,
"Zimmerman Scientific Co., Ltd.",S8331,
"Z-MAX SYSTEM CONTROL CO., LTD.",S7010,
